-- ============================================================================
-- NAM THANG HRM - SEED DATA
-- Dữ liệu mẫu cho hệ thống quản lý nhân sự Nam Thắng
-- Version: 1.1
-- Created: 2026-06-18
-- Updated: 2026-06-20 - Fixed invalid UUIDs and FK order
-- ============================================================================

-- Xóa dữ liệu cũ
TRUNCATE TABLE notifications, audit_logs, asset_assignments, assets, attendance_records, leave_requests, dispatch_orders, driver_violations, driver_accidents, vehicles, vehicle_assignments, driver_licenses, kpi_evaluation_details, kpi_evaluations, kpi_templates, kpi_periods, payroll_records, payroll_periods, salary_advances, commissions, contracts, contract_templates, candidates, candidate_documents, interviews, recruitment_evaluations, job_postings, employee_family, employee_education, employee_work_history, employee_transfers, rewards_disciplines, onboarding_tasks, generated_documents, document_templates, permissions, users, employees, positions, departments, organizations, roles CASCADE;

-- ============================================================================
-- 1. ORGANIZATIONS (Chi nhánh) - 4 records
-- ============================================================================
INSERT INTO organizations (id, name, code, address, phone, email, parent_id, type, status) VALUES
('a0000001-0000-0000-0000-000000000001', 'Nam Thắng Kiên Giang', 'KG', '123 Nguyễn Trung Trực, Rạch Giá, Kiên Giang', '0297-3861-888', 'kg@namthang.vn', NULL, 'headquarters', 'active'),
('a0000002-0000-0000-0000-000000000001', 'Nam Thắng Cần Thơ', 'CT', '456 Trần Hưng Đạo, Ninh Kiều, Cần Thơ', '0292-3822-999', 'ct@namthang.vn', 'a0000001-0000-0000-0000-000000000001', 'branch', 'active'),
('a0000003-0000-0000-0000-000000000001', 'Nam Thắng TP.HCM', 'HCM', '789 Võ Văn Kiệt, Quận 1, TP.HCM', '028-3920-1111', 'hcm@namthang.vn', 'a0000001-0000-0000-0000-000000000001', 'branch', 'active'),
('a0000004-0000-0000-0000-000000000001', 'Nam Thắng Hà Nội', 'HN', '321 Lê Văn Lương, Thanh Xuân, Hà Nội', '024-3568-2222', 'hn@namthang.vn', 'a0000001-0000-0000-0000-000000000001', 'branch', 'active');

-- ============================================================================
-- 2. DEPARTMENTS (Phòng ban) - 6 records
-- ============================================================================
INSERT INTO departments (id, organization_id, name, code, status) VALUES
('b0000001-0000-0000-0000-000000000001', 'a0000001-0000-0000-0000-000000000001', 'Phòng Kinh doanh', 'SALE', 'active'),
('b0000002-0000-0000-0000-000000000001', 'a0000001-0000-0000-0000-000000000001', 'Phòng Vận tải', 'DRV', 'active'),
('b0000003-0000-0000-0000-000000000001', 'a0000001-0000-0000-0000-000000000001', 'Phòng Kế toán', 'ACC', 'active'),
('b0000004-0000-0000-0000-000000000001', 'a0000001-0000-0000-0000-000000000001', 'Phòng Nhân sự', 'HR', 'active'),
('b0000005-0000-0000-0000-000000000001', 'a0000001-0000-0000-0000-000000000001', 'Phòng IT', 'IT', 'active'),
('b0000006-0000-0000-0000-000000000001', 'a0000001-0000-0000-0000-000000000001', 'Phòng Hành chính', 'HC', 'active');

-- ============================================================================
-- 3. POSITIONS (Chức vụ) - 8 records
-- ============================================================================
INSERT INTO positions (id, name, code, level, description) VALUES
('c0000001-0000-0000-0000-000000000001', 'Giám đốc', 'GD', 5, 'Giám đốc công ty'),
('c0000002-0000-0000-0000-000000000001', 'Phó Giám đốc', 'PGD', 4, 'Phó Giám đốc'),
('c0000003-0000-0000-0000-000000000001', 'Trưởng phòng', 'TP', 3, 'Trưởng phòng ban'),
('c0000004-0000-0000-0000-000000000001', 'Phó phòng', 'PP', 3, 'Phó phòng ban'),
('c0000005-0000-0000-0000-000000000001', 'Nhân viên', 'NV', 1, 'Nhân viên'),
('c0000006-0000-0000-0000-000000000001', 'Lái xe', 'TX', 1, 'Tài xế vận tải'),
('c0000007-0000-0000-0000-000000000001', 'Tổ trưởng', 'TTR', 2, 'Tổ trưởng/Nhóm trưởng'),
('c0000008-0000-0000-0000-000000000001', 'Thực tập sinh', 'TTS', 0, 'Thực tập sinh');

-- ============================================================================
-- 4. EMPLOYEES (Nhân viên) - 15 records
-- ============================================================================
INSERT INTO employees (id, code, full_name, date_of_birth, gender, id_card_number, phone, email, department_id, position_id, organization_id, hire_date, status) VALUES
('d0000001-0000-0000-0000-000000000001', 'NT-DRV-KG-0001', 'Nguyễn Văn An', '1990-03-15', 'male', '068090001234', '0901234001', 'an.nv@namthang.vn', 'b0000002-0000-0000-0000-000000000001', 'c0000006-0000-0000-0000-000000000001', 'a0000001-0000-0000-0000-000000000001', '2022-01-10', 'active'),
('d0000002-0000-0000-0000-000000000001', 'NT-DRV-KG-0002', 'Trần Minh Tuấn', '1988-07-22', 'male', '068090005678', '0901234002', 'tuan.tm@namthang.vn', 'b0000002-0000-0000-0000-000000000001', 'c0000006-0000-0000-0000-000000000001', 'a0000001-0000-0000-0000-000000000001', '2021-06-01', 'active'),
('d0000003-0000-0000-0000-000000000001', 'NT-DRV-KG-0003', 'Lê Hoàng Nam', '1992-11-05', 'male', '068092001111', '0901234003', 'nam.lh@namthang.vn', 'b0000002-0000-0000-0000-000000000001', 'c0000006-0000-0000-0000-000000000001', 'a0000001-0000-0000-0000-000000000001', '2023-03-15', 'active'),
('d0000004-0000-0000-0000-000000000001', 'NT-DRV-CT-0004', 'Phạm Thanh Hùng', '1985-01-30', 'male', '065085002222', '0901234004', 'hung.pt@namthang.vn', 'b0000002-0000-0000-0000-000000000001', 'c0000006-0000-0000-0000-000000000001', 'a0000002-0000-0000-0000-000000000001', '2020-09-01', 'active'),
('d0000005-0000-0000-0000-000000000001', 'NT-DRV-CT-0005', 'Võ Đình Khoa', '1991-05-18', 'male', '065091003333', '0901234005', 'khoa.vd@namthang.vn', 'b0000002-0000-0000-0000-000000000001', 'c0000006-0000-0000-0000-000000000001', 'a0000002-0000-0000-0000-000000000001', '2022-08-15', 'active'),
('d0000006-0000-0000-0000-000000000001', 'NT-SALE-KG-0001', 'Nguyễn Thị Hồng', '1995-09-12', 'female', '068095004444', '0901234006', 'hong.nt@namthang.vn', 'b0000001-0000-0000-0000-000000000001', 'c0000005-0000-0000-0000-000000000001', 'a0000001-0000-0000-0000-000000000001', '2023-01-02', 'active'),
('d0000007-0000-0000-0000-000000000001', 'NT-SALE-KG-0002', 'Trần Văn Bình', '1993-04-25', 'male', '068093005555', '0901234007', 'binh.tv@namthang.vn', 'b0000001-0000-0000-0000-000000000001', 'c0000005-0000-0000-0000-000000000001', 'a0000001-0000-0000-0000-000000000001', '2023-06-01', 'active'),
('d0000008-0000-0000-0000-000000000001', 'NT-HR-KG-0001', 'Lê Thị Mai', '1994-12-08', 'female', '068094006666', '0901234008', 'mai.lt@namthang.vn', 'b0000004-0000-0000-0000-000000000001', 'c0000005-0000-0000-0000-000000000001', 'a0000001-0000-0000-0000-000000000001', '2021-03-01', 'active'),
('d0000009-0000-0000-0000-000000000001', 'NT-ACC-KG-0001', 'Phạm Thị Lan', '1993-06-20', 'female', '068093007777', '0901234009', 'lan.pt@namthang.vn', 'b0000003-0000-0000-0000-000000000001', 'c0000005-0000-0000-0000-000000000001', 'a0000001-0000-0000-0000-000000000001', '2020-11-15', 'active'),
('d0000010-0000-0000-0000-000000000001', 'NT-IT-KG-0001', 'Hoàng Đức Minh', '1996-02-14', 'male', '068096008888', '0901234010', 'minh.hd@namthang.vn', 'b0000005-0000-0000-0000-000000000001', 'c0000005-0000-0000-0000-000000000001', 'a0000001-0000-0000-0000-000000000001', '2024-01-15', 'probation'),
('d0000011-0000-0000-0000-000000000001', 'NT-MGR-KG-0001', 'Nguyễn Minh Đức', '1982-08-30', 'male', '068082009999', '0901234011', 'duc.nm@namthang.vn', 'b0000004-0000-0000-0000-000000000001', 'c0000003-0000-0000-0000-000000000001', 'a0000001-0000-0000-0000-000000000001', '2019-05-01', 'active'),
('d0000012-0000-0000-0000-000000000001', 'NT-DRV-HCM-0001', 'Bùi Văn Thành', '1989-10-03', 'male', '079089010101', '0901234012', 'thanh.bv@namthang.vn', 'b0000002-0000-0000-0000-000000000001', 'c0000006-0000-0000-0000-000000000001', 'a0000003-0000-0000-0000-000000000001', '2022-04-01', 'active'),
('d0000013-0000-0000-0000-000000000001', 'NT-DRV-HCM-0002', 'Đặng Quốc Việt', '1987-06-15', 'male', '079087020202', '0901234013', 'viet.dq@namthang.vn', 'b0000002-0000-0000-0000-000000000001', 'c0000006-0000-0000-0000-000000000001', 'a0000003-0000-0000-0000-000000000001', '2021-11-01', 'active'),
('d0000014-0000-0000-0000-000000000001', 'NT-DRV-HN-0001', 'Vũ Mạnh Cường', '1990-12-25', 'male', '001090030303', '0901234014', 'cuong.vm@namthang.vn', 'b0000002-0000-0000-0000-000000000001', 'c0000006-0000-0000-0000-000000000001', 'a0000004-0000-0000-0000-000000000001', '2023-07-01', 'active'),
('d0000015-0000-0000-0000-000000000001', 'NT-MGR-KG-0002', 'Trần Quốc Bảo', '1980-04-10', 'male', '068080040404', '0901234015', 'bao.tq@namthang.vn', 'b0000006-0000-0000-0000-000000000001', 'c0000002-0000-0000-0000-000000000001', 'a0000001-0000-0000-0000-000000000001', '2018-01-15', 'active');

-- ============================================================================
-- 5. CANDIDATES (Ứng viên) - 8 records
-- ============================================================================
INSERT INTO candidates (id, code, full_name, date_of_birth, gender, id_card_number, phone, email, position_applied, experience_years, expected_salary, license_class, status, applied_date) VALUES
('e0000001-0000-0000-0000-000000000001', 'UV-2026-000001', 'Nguyễn Thanh Sơn', '1995-03-20', 'male', '068095050501', '0912345001', 'son.nt@gmail.com', 'Tài xế', 3, 12000000, 'C', 'new', '2026-06-01'),
('e0000002-0000-0000-0000-000000000001', 'UV-2026-000002', 'Trần Thị Thuỷ', '1997-08-15', 'female', '068097050502', '0912345002', 'thuy.tt@gmail.com', 'Nhân viên kinh doanh', 2, 10000000, NULL, 'screening', '2026-06-03'),
('e0000003-0000-0000-0000-000000000001', 'UV-2026-000003', 'Lê Văn Tiến', '1993-01-10', 'male', '068093050503', '0912345003', 'tien.lv@gmail.com', 'Tài xế', 5, 14000000, 'D', 'interview', '2026-06-05'),
('e0000004-0000-0000-0000-000000000001', 'UV-2026-000004', 'Phạm Hoàng Long', '1996-11-28', 'male', '079096050504', '0912345004', 'long.ph@gmail.com', 'Nhân viên IT', 1, 15000000, NULL, 'evaluation', '2026-06-07'),
('e0000005-0000-0000-0000-000000000001', 'UV-2026-000005', 'Võ Thị Ngọc', '1998-05-02', 'female', '065098050505', '0912345005', 'ngoc.vt@gmail.com', 'Nhân viên kế toán', 2, 11000000, NULL, 'offer', '2026-06-08'),
('e0000006-0000-0000-0000-000000000001', 'UV-2026-000006', 'Huỳnh Minh Quân', '1991-09-17', 'male', '068091050506', '0912345006', 'quan.hm@gmail.com', 'Tài xế', 7, 15000000, 'E', 'hired', '2026-05-20'),
('e0000007-0000-0000-0000-000000000001', 'UV-2026-000007', 'Đoàn Thị Kim', '1999-02-14', 'female', '068099050507', '0912345007', 'kim.dt@gmail.com', 'Thực tập sinh', 0, 5000000, NULL, 'rejected', '2026-05-15'),
('e0000008-0000-0000-0000-000000000001', 'UV-2026-000008', 'Ngô Quang Huy', '1994-07-08', 'male', '001094050508', '0912345008', 'huy.nq@gmail.com', 'Tài xế', 4, 13000000, 'FC', 'interview', '2026-06-10');

-- ============================================================================
-- 6. CONTRACTS (Hợp đồng) - 10 records
-- ============================================================================
INSERT INTO contracts (id, code, employee_id, contract_type, start_date, end_date, base_salary, allowances, sign_date, status) VALUES
('f0000001-0000-0000-0000-000000000001', 'HD-2026-001', 'd0000001-0000-0000-0000-000000000001', 'indefinite', '2023-01-10', NULL, 12000000, '{"transport": 500000, "phone": 200000, "meal": 730000}', '2023-01-08', 'active'),
('f0000002-0000-0000-0000-000000000001', 'HD-2026-002', 'd0000002-0000-0000-0000-000000000001', 'indefinite', '2022-06-01', NULL, 13000000, '{"transport": 500000, "phone": 200000, "meal": 730000}', '2022-05-28', 'active'),
('f0000003-0000-0000-0000-000000000001', 'HD-2026-003', 'd0000003-0000-0000-0000-000000000001', 'fixed_term', '2024-03-15', '2026-03-14', 11000000, '{"transport": 500000, "meal": 730000}', '2024-03-12', 'expired'),
('f0000004-0000-0000-0000-000000000001', 'HD-2026-004', 'd0000004-0000-0000-0000-000000000001', 'indefinite', '2021-09-01', NULL, 14000000, '{"transport": 500000, "phone": 200000, "meal": 730000}', '2021-08-28', 'active'),
('f0000005-0000-0000-0000-000000000001', 'HD-2026-005', 'd0000005-0000-0000-0000-000000000001', 'fixed_term', '2024-08-15', '2026-08-14', 11500000, '{"transport": 500000, "meal": 730000}', '2024-08-12', 'active'),
('f0000006-0000-0000-0000-000000000001', 'HD-2026-006', 'd0000006-0000-0000-0000-000000000001', 'fixed_term', '2024-01-02', '2026-07-01', 9000000, '{"transport": 300000, "phone": 200000, "meal": 730000}', '2023-12-28', 'active'),
('f0000007-0000-0000-0000-000000000001', 'HD-2026-007', 'd0000008-0000-0000-0000-000000000001', 'fixed_term', '2022-03-01', '2025-02-28', 8500000, '{"transport": 300000, "meal": 730000}', '2022-02-25', 'expired'),
('f0000008-0000-0000-0000-000000000001', 'HD-2026-008', 'd0000010-0000-0000-0000-000000000001', 'probation', '2024-01-15', '2024-03-14', 8000000, '{"meal": 730000}', '2024-01-12', 'expired'),
('f0000009-0000-0000-0000-000000000001', 'HD-2026-009', 'd0000011-0000-0000-0000-000000000001', 'indefinite', '2020-05-01', NULL, 25000000, '{"transport": 1000000, "phone": 500000, "meal": 730000}', '2020-04-28', 'active'),
('f0000010-0000-0000-0000-000000000001', 'HD-2026-010', 'd0000015-0000-0000-0000-000000000001', 'indefinite', '2019-01-15', NULL, 35000000, '{"transport": 1500000, "phone": 500000, "meal": 730000, "housing": 3000000}', '2019-01-10', 'active');

-- ============================================================================
-- 7. DRIVER LICENSES (GPLX) - 8 records
-- ============================================================================
INSERT INTO driver_licenses (id, employee_id, license_number, license_class, issue_date, expiry_date, issuing_authority, status) VALUES
('10000001-0000-0000-0000-000000000001', 'd0000001-0000-0000-0000-000000000001', 'C-068-001234', 'C', '2018-05-10', '2028-05-10', 'Sở GTVT Kiên Giang', 'valid'),
('10000002-0000-0000-0000-000000000001', 'd0000002-0000-0000-0000-000000000001', 'D-068-005678', 'D', '2015-03-20', '2026-07-15', 'Sở GTVT Kiên Giang', 'expiring'),
('10000003-0000-0000-0000-000000000001', 'd0000003-0000-0000-0000-000000000001', 'B2-068-002111', 'B2', '2020-01-15', '2030-01-15', 'Sở GTVT Kiên Giang', 'valid'),
('10000004-0000-0000-0000-000000000001', 'd0000004-0000-0000-0000-000000000001', 'E-065-003222', 'E', '2012-08-01', '2026-06-30', 'Sở GTVT Cần Thơ', 'expiring'),
('10000005-0000-0000-0000-000000000001', 'd0000005-0000-0000-0000-000000000001', 'C-065-004333', 'C', '2019-11-20', '2029-11-20', 'Sở GTVT Cần Thơ', 'valid'),
('10000006-0000-0000-0000-000000000001', 'd0000012-0000-0000-0000-000000000001', 'FC-079-005444', 'FC', '2016-06-15', '2026-06-25', 'Sở GTVT TP.HCM', 'expiring'),
('10000007-0000-0000-0000-000000000001', 'd0000013-0000-0000-0000-000000000001', 'C-079-006555', 'C', '2017-09-01', '2027-09-01', 'Sở GTVT TP.HCM', 'valid'),
('10000008-0000-0000-0000-000000000001', 'd0000014-0000-0000-0000-000000000001', 'D-001-007666', 'D', '2019-04-10', '2029-04-10', 'Sở GTVT Hà Nội', 'valid');

-- ============================================================================
-- 8. VEHICLES (Xe) - 10 records
-- ============================================================================
INSERT INTO vehicles (id, plate_number, type, brand, model, tonnage, manufacture_year, registration_date, insurance_expiry, status, organization_id) VALUES
('20000001-0000-0000-0000-000000000001', '68C-12345', 'truck', 'Hyundai', 'HD120', 8.50, 2021, '2021-03-15', '2027-03-15', 'active', 'a0000001-0000-0000-0000-000000000001'),
('20000002-0000-0000-0000-000000000001', '68C-23456', 'container', 'Hino', 'FL8J', 15.00, 2020, '2020-06-20', '2026-06-20', 'active', 'a0000001-0000-0000-0000-000000000001'),
('20000003-0000-0000-0000-000000000001', '68C-34567', 'truck', 'Isuzu', 'FVR34', 9.00, 2022, '2022-01-10', '2028-01-10', 'active', 'a0000001-0000-0000-0000-000000000001'),
('20000004-0000-0000-0000-000000000001', '65C-98765', 'tanker', 'Mitsubishi', 'FJ2528', 12.00, 2019, '2019-09-05', '2025-09-05', 'maintenance', 'a0000002-0000-0000-0000-000000000001'),
('20000005-0000-0000-0000-000000000001', '65C-87654', 'truck', 'Hyundai', 'HD170', 10.50, 2022, '2022-04-18', '2028-04-18', 'active', 'a0000002-0000-0000-0000-000000000001'),
('20000006-0000-0000-0000-000000000001', '51C-11111', 'container', 'Hino', 'FM2P', 18.00, 2021, '2021-07-22', '2027-07-22', 'active', 'a0000003-0000-0000-0000-000000000001'),
('20000007-0000-0000-0000-000000000001', '51C-22222', 'trailer', 'Isuzu', 'GXZ', 20.00, 2020, '2020-11-30', '2026-11-30', 'active', 'a0000003-0000-0000-0000-000000000001'),
('20000008-0000-0000-0000-000000000001', '30C-33333', 'truck', 'Hyundai', 'HD240', 14.00, 2023, '2023-02-14', '2029-02-14', 'active', 'a0000004-0000-0000-0000-000000000001'),
('20000009-0000-0000-0000-000000000001', '68C-45678', 'truck', 'Mitsubishi', 'FI1217', 7.50, 2023, '2023-08-01', '2029-08-01', 'active', 'a0000001-0000-0000-0000-000000000001'),
('20000010-0000-0000-0000-000000000001', '65C-76543', 'tanker', 'Hino', 'FG8J', 11.00, 2021, '2021-12-10', '2027-12-10', 'active', 'a0000002-0000-0000-0000-000000000001');

-- ============================================================================
-- 9. DISPATCH ORDERS (Lệnh điều động) - 8 records
-- ============================================================================
INSERT INTO dispatch_orders (id, code, driver_id, vehicle_id, origin, destination, cargo_type, cargo_weight, departure_time, arrival_time, status, notes, created_by) VALUES
('30000001-0000-0000-0000-000000000001', 'DD-2026-0601', 'd0000001-0000-0000-0000-000000000001', '20000001-0000-0000-0000-000000000001', 'Kho Kiên Giang', 'Kho TP.HCM', 'Nông sản', 7.50, '2026-06-10 05:00:00+07', '2026-06-10 14:00:00+07', 'completed', 'Giao hàng đúng hẹn', 'd0000011-0000-0000-0000-000000000001'),
('30000002-0000-0000-0000-000000000001', 'DD-2026-0602', 'd0000002-0000-0000-0000-000000000001', '20000003-0000-0000-0000-000000000001', 'Kho Kiên Giang', 'KCN Bình Dương', 'Hàng điện tử', 5.00, '2026-06-12 04:30:00+07', '2026-06-12 13:00:00+07', 'completed', NULL, 'd0000011-0000-0000-0000-000000000001'),
('30000003-0000-0000-0000-000000000001', 'DD-2026-0603', 'd0000004-0000-0000-0000-000000000001', '20000005-0000-0000-0000-000000000001', 'Kho Cần Thơ', 'Cảng Cát Lái', 'Thực phẩm đông lạnh', 9.80, '2026-06-15 03:00:00+07', '2026-06-15 10:00:00+07', 'completed', NULL, 'd0000011-0000-0000-0000-000000000001'),
('30000004-0000-0000-0000-000000000001', 'DD-2026-0604', 'd0000012-0000-0000-0000-000000000001', '20000006-0000-0000-0000-000000000001', 'Cảng Cát Lái', 'KCN Long Thành', 'Vật liệu XD', 16.00, '2026-06-18 06:00:00+07', '2026-06-18 09:00:00+07', 'in_transit', 'Xe đang trên đường', 'd0000011-0000-0000-0000-000000000001'),
('30000005-0000-0000-0000-000000000001', 'DD-2026-0605', 'd0000013-0000-0000-0000-000000000001', '20000007-0000-0000-0000-000000000001', 'Kho TP.HCM', 'Kho Hà Nội', 'Hàng điện tử', 18.00, '2026-06-18 20:00:00+07', NULL, 'in_transit', 'Chuyến Bắc-Nam', 'd0000011-0000-0000-0000-000000000001'),
('30000006-0000-0000-0000-000000000001', 'DD-2026-0606', 'd0000014-0000-0000-0000-000000000001', '20000008-0000-0000-0000-000000000001', 'Kho Hà Nội', 'KCN Hải Phòng', 'Linh kiện ôtô', 12.50, '2026-06-19 07:00:00+07', NULL, 'pending', NULL, 'd0000011-0000-0000-0000-000000000001'),
('30000007-0000-0000-0000-000000000001', 'DD-2026-0607', 'd0000003-0000-0000-0000-000000000001', '20000009-0000-0000-0000-000000000001', 'Kho Kiên Giang', 'Chợ đầu mối Cần Thơ', 'Nông sản', 6.50, '2026-06-20 04:00:00+07', NULL, 'pending', NULL, 'd0000011-0000-0000-0000-000000000001'),
('30000008-0000-0000-0000-000000000001', 'DD-2026-0608', 'd0000005-0000-0000-0000-000000000001', '20000010-0000-0000-0000-000000000001', 'Kho Cần Thơ', 'Kho Kiên Giang', 'Thực phẩm', 10.00, '2026-06-20 05:30:00+07', NULL, 'pending', NULL, 'd0000011-0000-0000-0000-000000000001');

-- ============================================================================
-- 10. ATTENDANCE RECORDS (Chấm công) - 20 records (June 2026)
-- ============================================================================
INSERT INTO attendance_records (id, employee_id, date, check_in, check_out, check_in_method, check_out_method, status, ot_hours, notes) VALUES
('40000001-0000-0000-0000-000000000001', 'd0000001-0000-0000-0000-000000000001', '2026-06-16', '2026-06-16 05:10:00+07', '2026-06-16 17:30:00+07', 'gps', 'gps', 'normal', 1.5, NULL),
('40000002-0000-0000-0000-000000000001', 'd0000001-0000-0000-0000-000000000001', '2026-06-17', '2026-06-17 05:05:00+07', '2026-06-17 17:00:00+07', 'gps', 'gps', 'normal', 0, NULL),
('40000003-0000-0000-0000-000000000001', 'd0000002-0000-0000-0000-000000000001', '2026-06-16', '2026-06-16 05:45:00+07', '2026-06-16 18:00:00+07', 'gps', 'gps', 'late', 0, 'Trễ 15 phút'),
('40000004-0000-0000-0000-000000000001', 'd0000002-0000-0000-0000-000000000001', '2026-06-17', '2026-06-17 05:00:00+07', '2026-06-17 17:15:00+07', 'gps', 'gps', 'normal', 0, NULL),
('40000005-0000-0000-0000-000000000001', 'd0000006-0000-0000-0000-000000000001', '2026-06-16', '2026-06-16 07:55:00+07', '2026-06-16 17:05:00+07', 'wifi', 'wifi', 'normal', 0, NULL),
('40000006-0000-0000-0000-000000000001', 'd0000006-0000-0000-0000-000000000001', '2026-06-17', '2026-06-17 08:20:00+07', '2026-06-17 17:00:00+07', 'wifi', 'wifi', 'late', 0, 'Trễ 20 phút'),
('40000007-0000-0000-0000-000000000001', 'd0000008-0000-0000-0000-000000000001', '2026-06-16', '2026-06-16 07:50:00+07', '2026-06-16 17:00:00+07', 'face', 'face', 'normal', 0, NULL),
('40000008-0000-0000-0000-000000000001', 'd0000008-0000-0000-0000-000000000001', '2026-06-17', '2026-06-17 07:58:00+07', '2026-06-17 17:02:00+07', 'face', 'face', 'normal', 0, NULL),
('40000009-0000-0000-0000-000000000001', 'd0000009-0000-0000-0000-000000000001', '2026-06-16', '2026-06-16 07:45:00+07', '2026-06-16 17:00:00+07', 'qr', 'qr', 'normal', 0, NULL),
('40000010-0000-0000-0000-000000000001', 'd0000009-0000-0000-0000-000000000001', '2026-06-17', '2026-06-17 07:50:00+07', '2026-06-17 17:05:00+07', 'qr', 'qr', 'normal', 0, NULL),
('40000011-0000-0000-0000-000000000001', 'd0000010-0000-0000-0000-000000000001', '2026-06-16', '2026-06-16 08:30:00+07', '2026-06-16 18:30:00+07', 'face', 'face', 'late', 1.0, 'Trễ 30 phút, làm bù OT'),
('40000012-0000-0000-0000-000000000001', 'd0000010-0000-0000-0000-000000000001', '2026-06-17', '2026-06-17 07:55:00+07', '2026-06-17 17:00:00+07', 'face', 'face', 'normal', 0, NULL),
('40000013-0000-0000-0000-000000000001', 'd0000011-0000-0000-0000-000000000001', '2026-06-16', '2026-06-16 07:30:00+07', '2026-06-16 17:30:00+07', 'face', 'face', 'normal', 0, NULL),
('40000014-0000-0000-0000-000000000001', 'd0000011-0000-0000-0000-000000000001', '2026-06-17', '2026-06-17 07:45:00+07', '2026-06-17 18:00:00+07', 'face', 'face', 'normal', 1.0, NULL),
('40000015-0000-0000-0000-000000000001', 'd0000012-0000-0000-0000-000000000001', '2026-06-16', '2026-06-16 05:00:00+07', '2026-06-16 17:00:00+07', 'gps', 'gps', 'normal', 0, NULL),
('40000016-0000-0000-0000-000000000001', 'd0000012-0000-0000-0000-000000000001', '2026-06-17', '2026-06-17 05:15:00+07', '2026-06-17 19:00:00+07', 'gps', 'gps', 'normal', 2.0, 'Chuyến hàng gấp'),
('40000017-0000-0000-0000-000000000001', 'd0000013-0000-0000-0000-000000000001', '2026-06-16', '2026-06-16 05:00:00+07', '2026-06-16 17:00:00+07', 'gps', 'gps', 'normal', 0, NULL),
('40000018-0000-0000-0000-000000000001', 'd0000014-0000-0000-0000-000000000001', '2026-06-16', '2026-06-16 05:30:00+07', '2026-06-16 17:30:00+07', 'gps', 'gps', 'normal', 0, NULL),
('40000019-0000-0000-0000-000000000001', 'd0000015-0000-0000-0000-000000000001', '2026-06-16', '2026-06-16 07:30:00+07', '2026-06-16 17:00:00+07', 'face', 'face', 'normal', 0, NULL),
('40000020-0000-0000-0000-000000000001', 'd0000015-0000-0000-0000-000000000001', '2026-06-17', '2026-06-17 07:40:00+07', '2026-06-17 16:30:00+07', 'face', 'face', 'early_leave', 0, 'Có việc gia đình');

-- ============================================================================
-- 11. ASSETS (Tài sản) - 8 records
-- ============================================================================
INSERT INTO assets (id, code, name, category, brand, model, serial_number, purchase_date, purchase_price, current_value, status, organization_id, notes) VALUES
('40000001-0000-0000-0000-000000000101', 'TS-LAP-001', 'Laptop Dell Latitude 5540', 'laptop', 'Dell', 'Latitude 5540', 'DL5540-ABC001', '2024-01-15', 25000000, 20000000, 'in_use', 'a0000001-0000-0000-0000-000000000001', 'Cấp cho IT'),
('40000002-0000-0000-0000-000000000101', 'TS-LAP-002', 'Laptop Dell Latitude 5540', 'laptop', 'Dell', 'Latitude 5540', 'DL5540-ABC002', '2024-01-15', 25000000, 20000000, 'in_use', 'a0000001-0000-0000-0000-000000000001', 'Cấp cho Kế toán'),
('40000003-0000-0000-0000-000000000101', 'TS-LAP-003', 'Laptop HP ProBook 450 G10', 'laptop', 'HP', 'ProBook 450 G10', 'HP450G10-XYZ003', '2024-03-01', 22000000, 18000000, 'in_use', 'a0000001-0000-0000-0000-000000000001', 'Cấp cho Nhân sự'),
('40000004-0000-0000-0000-000000000101', 'TS-PHN-001', 'Điện thoại Samsung A54', 'phone', 'Samsung', 'Galaxy A54', 'SMA54-001', '2024-06-01', 8000000, 6000000, 'in_use', 'a0000001-0000-0000-0000-000000000001', 'Cấp cho Kinh doanh'),
('40000005-0000-0000-0000-000000000101', 'TS-PHN-002', 'Điện thoại Samsung A54', 'phone', 'Samsung', 'Galaxy A54', 'SMA54-002', '2024-06-01', 8000000, 6000000, 'in_use', 'a0000001-0000-0000-0000-000000000001', 'Cấp cho Kinh doanh'),
('40000006-0000-0000-0000-000000000101', 'TS-LAP-004', 'Macbook Pro 14 M3', 'laptop', 'Apple', 'Macbook Pro 14', 'MBP14M3-001', '2024-09-01', 45000000, 40000000, 'in_use', 'a0000001-0000-0000-0000-000000000001', 'Cấp cho Phó GĐ'),
('40000007-0000-0000-0000-000000000101', 'TS-EQP-001', 'Máy in Brother HL-L2321D', 'equipment', 'Brother', 'HL-L2321D', 'BRO-L2321-001', '2023-05-15', 3500000, 2000000, 'in_use', 'a0000001-0000-0000-0000-000000000001', 'Phòng Hành chính'),
('40000008-0000-0000-0000-000000000101', 'TS-LAP-005', 'Laptop Lenovo ThinkPad E14', 'laptop', 'Lenovo', 'ThinkPad E14', 'LNV-E14-001', '2023-08-01', 18000000, 12000000, 'available', 'a0000001-0000-0000-0000-000000000001', 'Sẵn sàng cấp phát');

-- Asset assignments
INSERT INTO asset_assignments (id, asset_id, employee_id, assigned_date, condition_on_assign, status) VALUES
('40000001-0000-0000-0000-000000000201', '40000001-0000-0000-0000-000000000101', 'd0000010-0000-0000-0000-000000000001', '2024-01-16', 'Mới 100%', 'assigned'),
('40000002-0000-0000-0000-000000000201', '40000002-0000-0000-0000-000000000101', 'd0000009-0000-0000-0000-000000000001', '2024-01-16', 'Mới 100%', 'assigned'),
('40000003-0000-0000-0000-000000000201', '40000003-0000-0000-0000-000000000101', 'd0000008-0000-0000-0000-000000000001', '2024-03-05', 'Mới 100%', 'assigned'),
('40000004-0000-0000-0000-000000000201', '40000004-0000-0000-0000-000000000101', 'd0000006-0000-0000-0000-000000000001', '2024-06-05', 'Mới 100%', 'assigned'),
('40000005-0000-0000-0000-000000000201', '40000005-0000-0000-0000-000000000101', 'd0000007-0000-0000-0000-000000000001', '2024-06-05', 'Mới 100%', 'assigned'),
('40000006-0000-0000-0000-000000000201', '40000006-0000-0000-0000-000000000101', 'd0000015-0000-0000-0000-000000000001', '2024-09-05', 'Mới 100%', 'assigned');

-- ============================================================================
-- 12. ROLES & USERS
-- ============================================================================

-- Create roles
INSERT INTO roles (id, name, code, description) VALUES
('a0000001-0000-0000-0000-000000000099', 'Quản trị hệ thống', 'SYS_ADMIN', 'Toàn quyền quản lý hệ thống'),
('a0000002-0000-0000-0000-000000000099', 'Nhân viên', 'STAFF', 'Quyền nhân viên cơ bản');

-- Create users
INSERT INTO users (id, employee_id, username, password_hash, role_id, status) VALUES
('50000001-0000-0000-0000-000000000001', 'd0000011-0000-0000-0000-000000000001', 'duc.nm', '$2b$10$abcdefghijklmnopqrstuuABCDEFGHIJKLMNOPQRSTUVWXYZ012', 'a0000001-0000-0000-0000-000000000099', 'active'),
('50000002-0000-0000-0000-000000000001', 'd0000010-0000-0000-0000-000000000001', 'minh.hd', '$2b$10$abcdefghijklmnopqrstuuABCDEFGHIJKLMNOPQRSTUVWXYZ012', 'a0000002-0000-0000-0000-000000000099', 'active'),
('50000003-0000-0000-0000-000000000001', 'd0000015-0000-0000-0000-000000000001', 'bao.tq', '$2b$10$abcdefghijklmnopqrstuuABCDEFGHIJKLMNOPQRSTUVWXYZ012', 'a0000001-0000-0000-0000-000000000099', 'active');

-- ============================================================================
-- 13. NOTIFICATIONS - 5 records
-- ============================================================================
INSERT INTO notifications (id, user_id, title, message, type, is_read, link, created_at) VALUES
('50000001-0000-0000-0000-000000000101', '50000001-0000-0000-0000-000000000001', 'GPLX sắp hết hạn', 'GPLX của tài xế Trần Minh Tuấn (D-068-005678) sẽ hết hạn vào 15/07/2026. Vui lòng nhắc nhân viên gia hạn.', 'warning', false, '/driver/licenses?status=expiring', '2026-06-16 08:00:00+07'),
('50000002-0000-0000-0000-000000000101', '50000001-0000-0000-0000-000000000001', 'Ứng viên mới nộp hồ sơ', 'Ứng viên Ngô Quang Huy đã nộp hồ sơ ứng tuyển vị trí Tài xế. Vui lòng xem xét.', 'info', false, '/recruitment/candidates/e0000008-0000-0000-0000-000000000001', '2026-06-10 09:30:00+07'),
('50000003-0000-0000-0000-000000000101', '50000003-0000-0000-0000-000000000001', 'Hợp đồng sắp hết hạn', 'Hợp đồng của Nguyễn Thị Hồng (HD-2026-006) sẽ hết hạn vào 01/07/2026. Cần xử lý gia hạn.', 'warning', true, '/contracts?status=expiring', '2026-06-15 07:00:00+07'),
('50000004-0000-0000-0000-000000000101', '50000002-0000-0000-0000-000000000001', 'Cập nhật hệ thống', 'Hệ thống sẽ bảo trì vào 22:00 ngày 20/06/2026. Vui lòng lưu công việc trước thời gian này.', 'info', false, NULL, '2026-06-18 14:00:00+07'),
('50000005-0000-0000-0000-000000000101', '50000001-0000-0000-0000-000000000001', 'Bảo hiểm xe sắp hết hạn', 'Bảo hiểm xe 65C-98765 (Mitsubishi FJ2528) đã hết hạn 05/09/2025. Cần gia hạn gấp.', 'error', false, '/vehicles/20000004-0000-0000-0000-000000000001', '2026-06-17 10:00:00+07');

-- ============================================================================
-- 14. ADMIN USER
-- ============================================================================
INSERT INTO users (id, username, password_hash, status) VALUES
('a0000000-0000-0000-0000-000000000099', 'admin', '$2b$10$rHWE0Flx5XIF.FSfGO22SOIEn.7FopzqypwKFuEuXRs/edbE8NrT.', 'active');

-- ============================================================================
-- END OF SEED DATA
-- ============================================================================
